{
    "chemck": {
        "cgroup": {
            "HSW": {
                "timepercall": {
                    "../data/imp_sol.1.0": [
                        16399.25, 
                        17064.234375, 
                        17002.9375, 
                        16937.953125, 
                        17009.375
                    ], 
                    "../data/imp_sol.1.60": [
                        16249.390625, 
                        16279.1875, 
                        16239.59375, 
                        16305.828125, 
                        16276.703125
                    ], 
                    "../data/imp_sol.48.0": [
                        15991.015625, 
                        16019.71875, 
                        15987.765625, 
                        16051.0625, 
                        16024.59375
                    ], 
                    "../data/imp_sol.48.60": [
                        16318.546875, 
                        15957.5, 
                        15913.921875, 
                        15979.28125, 
                        15949.109375
                    ]
                }
            },
            "KNL": {
                "timepercall": {
                    "../data/imp_sol.1.0": [
                        65153.375, 
                        64667.921875, 
                        64790.546875, 
                        64967.0, 
                        64751.484375
                    ], 
                    "../data/imp_sol.1.60": [
                        65459.265625, 
                        65080.765625, 
                        65109.171875, 
                        65327.671875, 
                        64975.609375
                    ], 
                    "../data/imp_sol.48.0": [
                        64360.34375, 
                        64103.90625, 
                        64153.3125, 
                        64239.93359375, 
                        64001.640625
                    ], 
                    "../data/imp_sol.48.60": [
                        63524.953125, 
                        63775.015625, 
                        63830.015625, 
                        63878.70703125, 
                        63701.984375
                    ]
                }
            },
            "SNB": {
                "timepercall": {
                    "../data/imp_sol.1.0": [
                        24288.703125, 
                        24406.46875, 
                        24521.4375, 
                        24505.0, 
                        24562.359375
                    ], 
                    "../data/imp_sol.1.60": [
                        24277.96875, 
                        24441.65625, 
                        24431.625, 
                        24464.65625, 
                        24454.578125
                    ], 
                    "../data/imp_sol.48.0": [
                        23870.0625, 
                        24033.71875, 
                        24028.796875, 
                        24054.8125, 
                        24039.765625
                    ], 
                    "../data/imp_sol.48.60": [
                        23948.15625, 
                        23927.90625, 
                        23928.71875, 
                        23952.375, 
                        23944.796875
                    ]
                }
            }
        },
        "egroup": {
            "HSW": {
                "timepercall": {
                    "../data/imp_sol.1.0": [
                        19122.203125, 
                        18828.140625, 
                        19080.828125, 
                        19182.28125, 
                        19090.53125
                    ], 
                    "../data/imp_sol.1.60": [
                        18508.1875, 
                        18511.65625, 
                        18512.484375, 
                        18492.8125, 
                        18544.546875
                    ], 
                    "../data/imp_sol.48.0": [
                        18159.75, 
                        18158.171875, 
                        18149.6875, 
                        18132.25, 
                        18186.71875
                    ], 
                    "../data/imp_sol.48.60": [
                        18084.703125, 
                        18073.671875, 
                        18071.265625, 
                        18063.171875, 
                        18108.671875
                    ]
                }
            },
            "KNL": {
                "timepercall": {
                    "../data/imp_sol.1.0": [
                        104406.984375, 
                        104706.890625, 
                        104849.6875, 
                        104347.2421875, 
                        104830.953125
                    ], 
                    "../data/imp_sol.1.60": [
                        104955.046875, 
                        105268.203125, 
                        105322.875, 
                        104864.625, 
                        105292.046875
                    ], 
                    "../data/imp_sol.48.0": [
                        103313.140625, 
                        103619.984375, 
                        103727.375, 
                        103293.265625, 
                        103730.953125
                    ], 
                    "../data/imp_sol.48.60": [
                        102892.75, 
                        103172.34375, 
                        103250.859375, 
                        102274.734375, 
                        103253.296875
                    ]
                }
            },
            "SNB": {
                "timepercall": {
                    "../data/imp_sol.1.0": [
                        28877.0625, 
                        28880.1875, 
                        28711.828125, 
                        29340.625, 
                        28983.265625
                    ], 
                    "../data/imp_sol.1.60": [
                        29042.921875, 
                        29030.765625, 
                        28900.826171875, 
                        28889.40625, 
                        28957.859375
                    ], 
                    "../data/imp_sol.48.0": [
                        28547.875, 
                        28541.765625, 
                        28371.40625, 
                        28408.078125, 
                        28466.84375
                    ], 
                    "../data/imp_sol.48.60": [
                        28408.28125, 
                        28397.890625, 
                        28233.203125, 
                        28305.640625, 
                        28317.25
                    ]
                }
            }

        },
        "common": {
            "HSW": {
                "__attr__": {
                    "node": "Haswell"
                }
            },
            "KNL": {
                "__attr__": {
                    "node": "Knigits Landing"
                }
            },
            "SNB": {
                "__attr__": {
                    "node": "Sandy Bridge"
                }
            }

        },
        "__attr__": {
            "begin": "2016-12-21 10:54:51.986364", 
            "compiler-version": "ifort version 17.0.0", 
            "job-host": {
                "cpu": "QEMU Virtual CPU version 1.5.3", 
                "node": "hllogin01"
            }
        }
    }
}
